,precision,recall,f1-score,support
0.0,0.9774603174603175,0.9801050453604966,0.9787808948581419,62830.0
1.0,0.8214285714285714,0.8019525801952581,0.8115737473535639,7170.0
accuracy,0.9618571428571429,0.9618571428571429,0.9618571428571429,0.9618571428571429
macro avg,0.8994444444444445,0.8910288127778774,0.8951773211058529,70000.0
weighted avg,0.96147820861678,0.9618571428571429,0.9616541056066016,70000.0
